Replenishment Receive Location,Part Number,TOPMOST,Part Name,foo,Strategic Product,Life Cycle,Frequency,foo,丸め,ＲＥＧ,ＲＥＧ        Sub Amount,ADD,ADD              Sub Amount,Price(FOB),Amount,CostCurrency,Transport by Boat(N+1)月出荷,Transport by Air(N+1)月出荷,ADD Boat(N1) 月出荷,ADD Air(N1) 月出荷,AIR金額,同月出荷可能数量,N2月月末時点在庫数,N2月中間時点在庫数,Order Date,Due Date or Available Date,OrderType,MAPE
210_KDA,AA0001,AA0001,Product-1,foo,n,3:Mature,Freq 6/6,foo,1,8,,-1,,,,,,,,,,,,,,,,
210_KDA,AA0002,AA0002,Product-2,foo,n,4:Decline,Freq 5/6,foo,48,0,,0,,,,,,,,,,,,,,,,
210_KDA,AA0003,AA0003,Product-3,foo,n,4:Decline,Freq 3/6,foo,1,0,,0,,,,,,,,,,,,,,,,
210_KDA,AA0004,AA0004,Product-4,foo,n,4:Decline,Freq 0/6,foo,1,0,,0,,,,,,,,,,,,,,,,
210_KDA,AA0005,AA0005,Product-5,foo,n,4:Decline,Freq 3/6,foo,1,0,,1,,,,,,,,,,,,,,,,
210_KDA,AA0006,AA0006,Product-6,foo,n,3:Mature,Freq 6/6,foo,1,44,,1,,,,,,,,,,,,,,,,
210_KDA,AA0007,AA0007,Product-7,foo,n,4:Decline,Freq 4/6,foo,12,0,,0,,,,,,,,,,,,,,,,
210_KDA,AA0008,AA0008,Product-8,foo,n,4:Decline,Freq 4/6,foo,1,0,,0,,,,,,,,,,,,,,,,
210_KDA,AA0009,AA0009,Product-9,foo,n,4:Decline,Freq 3/6,foo,1,0,,1,,,,,,,,,,,,,,,,
210_KDA,AA0010,AA0010,Product-10,foo,n,4:Decline,Freq 4/6,foo,4,0,,0,,,,,,,,,,,,,,,,
210_KDA,AA0011,AA0011,Product-11,foo,n,4:Decline,Freq 3/6,foo,4,0,,0,,,,,,,,,,,,,,,,
210_KDA,AA0012,AA0012,Product-12,foo,n,4:Decline,Freq 5/6,foo,4,0,,0,,,,,,,,,,,,,,,,
210_KDA,AA0013,AA0013,Product-13,foo,n,3:Mature,Freq 6/6,foo,4,0,,0,,,,,,,,,,,,,,,,
210_KDA,AA0014,AA0014,Product-14,foo,n,3:Mature,Freq 6/6,foo,4,0,,0,,,,,,,,,,,,,,,,
210_KDA,AA0015,AA0015,Product-15,foo,n,3:Mature,Freq 6/6,foo,1,12,,5,,,,,,,,,,,,,,,,
210_KDA,AA0016,AA0016,Product-16,foo,n,3:Mature,Freq 6/6,foo,1,40,,0,,,,,,,,,,,,,,,,
210_KDA,AA0017,AA0017,Product-17,foo,n,3:Mature,Freq 6/6,foo,6,24,,46,,,,,,,,,,,,,,,,
210_KDA,AA0018,AA0018,Product-18,foo,n,4:Decline,Freq 5/6,foo,1,10,,-4,,,,,,,,,,,,,,,,
210_KDA,AA0019,AA0019,Product-19,foo,n,4:Decline,Freq 4/6,foo,1,10,,-3,,,,,,,,,,,,,,,,
210_KDA,AA0020,AA0020,Product-20,foo,n,4:Decline,Freq 4/6,foo,1,5,,-2,,,,,,,,,,,,,,,,
210_KDA,AA0021,AA0021,Product-21,foo,n,3:Mature,Freq 6/6,foo,1,2,,3,,,,,,,,,,,,,,,,
210_KDA,AA0022,AA0022,Product-22,foo,n,3:Mature,Freq 6/6,foo,6,0,,0,,,,,,,,,,,,,,,,
210_KDA,AA0023,AA0023,Product-23,foo,n,4:Decline,Freq 4/6,foo,4,2,,0,,,,,,,,,,,,,,,,
210_KDA,AA0024,AA0024,Product-24,foo,n,4:Decline,Freq 5/6,foo,1,0,,0,,,,,,,,,,,,,,,,
210_KDA,AA0025,AA0025,Product-25,foo,n,4:Decline,Freq 3/6,foo,1,0,,0,,,,,,,,,,,,,,,,
210_KDA,AA0026,AA0026,Product-26,foo,n,4:Decline,Freq 3/6,foo,6,0,,0,,,,,,,,,,,,,,,,
210_KDA,AA0027,AA0027,Product-27,foo,n,4:Decline,Freq 5/6,foo,6,2,,-1,,,,,,,,,,,,,,,,
210_KDA,AA0028,AA0028,Product-28,foo,n,3:Mature,Freq 6/6,foo,6,0,,0,,,,,,,,,,,,,,,,
210_KDA,AA0029,AA0029,Product-29,foo,n,3:Mature,Freq 6/6,foo,6,0,,0,,,,,,,,,,,,,,,,
210_KDA,AA0030,AA0030,Product-30,foo,n,4:Decline,Freq 5/6,foo,6,9,,0,,,,,,,,,,,,,,,,
210_KDA,AA0031,AA0031,Product-31,foo,n,4:Decline,Freq 4/6,foo,1,0,,0,,,,,,,,,,,,,,,,
210_KDA,AA0032,AA0032,Product-32,foo,n,4:Decline,Freq 4/6,foo,1,0,,31,,,,,,,,,,,,,,,,
210_KDA,AA0033,AA0033,Product-33,foo,n,4:Decline,Freq 5/6,foo,1,1,,-1,,,,,,,,,,,,,,,,
210_KDA,AA0034,AA0034,Product-34,foo,n,3:Mature,Freq 6/6,foo,1,6,,0,,,,,,,,,,,,,,,,
210_KDA,AA0035,AA0035,Product-35,foo,n,3:Mature,Freq 6/6,foo,6,12,,10,,,,,,,,,,,,,,,,
210_KDA,AA0036,AA0036,Product-36,foo,n,3:Mature,Freq 6/6,foo,6,6,,10,,,,,,,,,,,,,,,,
210_KDA,AA0037,AA0037,Product-37,foo,n,4:Decline,Freq 6/6,foo,6,6,,3,,,,,,,,,,,,,,,,
210_KDA,AA0038,AA0038,Product-38,foo,n,4:Decline,Freq 6/6,foo,6,24,,-2,,,,,,,,,,,,,,,,
210_KDA,AA0039,AA0039,Product-39,foo,n,4:Decline,Freq 5/6,foo,18,0,,0,,,,,,,,,,,,,,,,
210_KDA,AA0040,AA0040,Product-40,foo,n,4:Decline,Freq 5/6,foo,1,0,,0,,,,,,,,,,,,,,,,
210_KDA,AA0041,AA0041,Product-41,foo,n,4:Decline,Freq 6/6,foo,4,12,,5,,,,,,,,,,,,,,,,
210_KDA,AA0042,AA0042,Product-42,foo,n,4:Decline,Freq 6/6,foo,4,0,,0,,,,,,,,,,,,,,,,
210_KDA,AA0043,AA0043,Product-43,foo,n,3:Mature,Freq 6/6,foo,4,0,,0,,,,,,,,,,,,,,,,
210_KDA,AA0044,AA0044,Product-44,foo,n,4:Decline,Freq 6/6,foo,6,6,,69,,,,,,,,,,,,,,,,
210_KDA,AA0045,AA0045,Product-45,foo,n,4:Decline,Freq 6/6,foo,1,2,,1,,,,,,,,,,,,,,,,
210_KDA,AA0046,AA0046,Product-46,foo,n,4:Decline,Freq 5/6,foo,1,0,,0,,,,,,,,,,,,,,,,
210_KDA,AA0047,AA0047,Product-47,foo,n,4:Decline,Freq 5/6,foo,1,7,,0,,,,,,,,,,,,,,,,
210_KDA,AA0048,AA0048,Product-48,foo,n,4:Decline,Freq 6/6,foo,4,28,,4,,,,,,,,,,,,,,,,
210_KDA,AA0049,AA0049,Product-49,foo,n,4:Decline,Freq 6/6,foo,4,0,,0,,,,,,,,,,,,,,,,
210_KDA,AA0050,AA0050,Product-50,foo,n,4:Decline,Freq 4/6,foo,4,0,,0,,,,,,,,,,,,,,,,
210_KDA,AA0051,AA0051,Product-51,foo,n,4:Decline,Freq 5/6,foo,4,0,,0,,,,,,,,,,,,,,,,
210_KDA,AA0052,AA0052,Product-52,foo,n,3:Mature,Freq 6/6,foo,4,4,,-4,,,,,,,,,,,,,,,,
210_KDA,AA0053,AA0053,Product-53,foo,n,4:Decline,Freq 3/6,foo,1,0,,0,,,,,,,,,,,,,,,,
210_KDA,AA0054,AA0054,Product-54,foo,n,4:Decline,Freq 1/6,foo,1,2,,0,,,,,,,,,,,,,,,,
210_KDA,AA0055,AA0055,Product-55,foo,n,4:Decline,Freq 4/6,foo,1,1,,0,,,,,,,,,,,,,,,,
210_KDA,AA0056,AA0056,Product-56,foo,n,4:Decline,Freq 5/6,foo,1,3,,2,,,,,,,,,,,,,,,,
210_KDA,AA0057,AA0057,Product-57,foo,n,4:Decline,Freq 6/6,foo,1,0,,0,,,,,,,,,,,,,,,,
210_KDA,AA0058,AA0058,Product-58,foo,n,4:Decline,Freq 6/6,foo,1,22,,2,,,,,,,,,,,,,,,,
210_KDA,AA0059,AA0059,Product-59,foo,n,4:Decline,Freq 6/6,foo,6,0,,0,,,,,,,,,,,,,,,,
210_KDA,AA0060,AA0060,Product-60,foo,n,4:Decline,Freq 6/6,foo,1,4,,-1,,,,,,,,,,,,,,,,
210_KDA,AA0061,AA0061,Product-61,foo,n,4:Decline,Freq 4/6,foo,1,0,,0,,,,,,,,,,,,,,,,
210_KDA,AA0062,AA0062,Product-62,foo,n,4:Decline,Freq 3/6,foo,1,0,,0,,,,,,,,,,,,,,,,
210_KDA,AA0063,AA0063,Product-63,foo,n,4:Decline,Freq 3/6,foo,1,1,,0,,,,,,,,,,,,,,,,
210_KDA,AA0064,AA0064,Product-64,foo,n,4:Decline,Freq 6/6,foo,6,0,,88,,,,,,,,,,,,,,,,
210_KDA,AA0065,AA0065,Product-65,foo,n,4:Decline,Freq 6/6,foo,6,18,,19,,,,,,,,,,,,,,,,
210_KDA,AA0066,AA0066,Product-66,foo,n,4:Decline,Freq 6/6,foo,1,5,,17,,,,,,,,,,,,,,,,
210_KDA,AA0067,AA0067,Product-67,foo,n,4:Decline,Freq 4/6,foo,1,6,,-1,,,,,,,,,,,,,,,,
210_KDA,AA0068,AA0068,Product-68,foo,n,4:Decline,Freq 5/6,foo,1,15,,0,,,,,,,,,,,,,,,,
210_KDA,AA0069,AA0069,Product-69,foo,n,4:Decline,Freq 3/6,foo,1,2,,0,,,,,,,,,,,,,,,,
210_KDA,AA0070,AA0070,Product-70,foo,n,4:Decline,Freq 5/6,foo,1,0,,30,,,,,,,,,,,,,,,,
210_KDA,AA0071,AA0071,Product-71,foo,n,4:Decline,Freq 5/6,foo,1,2,,1,,,,,,,,,,,,,,,,
210_KDA,AA0072,AA0072,Product-72,foo,n,4:Decline,Freq 4/6,foo,1,4,,-1,,,,,,,,,,,,,,,,
210_KDA,AA0073,AA0073,Product-73,foo,n,4:Decline,Freq 3/6,foo,1,0,,0,,,,,,,,,,,,,,,,
210_KDA,AA0074,AA0074,Product-74,foo,n,4:Decline,Freq 3/6,foo,4,3,,-1,,,,,,,,,,,,,,,,
210_KDA,AA0075,AA0075,Product-75,foo,n,4:Decline,Freq 6/6,foo,1,30,,51,,,,,,,,,,,,,,,,
210_KDA,AA0076,AA0076,Product-76,foo,n,4:Decline,Freq 5/6,foo,1,4,,2,,,,,,,,,,,,,,,,
210_KDA,AA0077,AA0077,Product-77,foo,n,4:Decline,Freq 6/6,foo,1,12,,-1,,,,,,,,,,,,,,,,
210_KDA,AA0078,AA0078,Product-78,foo,n,4:Decline,Freq 3/6,foo,1,0,,0,,,,,,,,,,,,,,,,
210_KDA,AA0079,AA0079,Product-79,foo,y,2:Upturn,Freq 6/6,foo,4,160,,2,,,,,,,,,,,,,,,,
210_KDA,AA0080,AA0080,Product-80,foo,y,1:New Product,Freq 6/6,foo,4,400,,13,,,,,,,,,,,,,,,,
210_KDA,AA0081,AA0081,Product-81,foo,y,1:New Product,Freq 6/6,foo,1,229,,121,,,,,,,,,,,,,,,,
210_KDA,AA0082,AA0082,Product-82,foo,n,4:Decline,Freq 6/6,foo,1,0,,0,,,,,,,,,,,,,,,,
210_KDA,AA0083,AA0083,Product-83,foo,n,4:Decline,Freq 6/6,foo,1,0,,0,,,,,,,,,,,,,,,,
210_KDA,AA0084,AA0084,Product-84,foo,n,4:Decline,Freq 6/6,foo,4,96,,245,,,,,,,,,,,,,,,,
210_KDA,AA0085,AA0085,Product-85,foo,n,3:Mature,Freq 6/6,foo,4,0,,28,,,,,,,,,,,,,,,,
210_KDA,AA0086,AA0086,Product-86,foo,n,3:Mature,Freq 6/6,foo,4,0,,0,,,,,,,,,,,,,,,,
210_KDA,AA0087,AA0087,Product-87,foo,n,3:Mature,Freq 6/6,foo,4,0,,0,,,,,,,,,,,,,,,,
210_KDA,AA0088,AA0088,Product-88,foo,n,3:Mature,Freq 6/6,foo,4,8,,-4,,,,,,,,,,,,,,,,
210_KDA,AA0089,AA0089,Product-89,foo,n,4:Decline,Freq 5/6,foo,1,0,,1,,,,,,,,,,,,,,,,
210_KDA,AA0090,AA0090,Product-90,foo,n,3:Mature,Freq 6/6,foo,1,8,,167,,,,,,,,,,,,,,,,
210_KDA,AA0091,AA0091,Product-91,foo,n,4:Decline,Freq 3/6,foo,1,2,,-1,,,,,,,,,,,,,,,,
210_KDA,AA0092,AA0092,Product-92,foo,n,3:Mature,Freq 6/6,foo,1,9,,11,,,,,,,,,,,,,,,,
210_KDA,AA0093,AA0093,Product-93,foo,n,4:Decline,Freq 4/6,foo,1,6,,3,,,,,,,,,,,,,,,,
210_KDA,AA0094,AA0094,Product-94,foo,n,4:Decline,Freq 4/6,foo,1,0,,0,,,,,,,,,,,,,,,,
210_KDA,AA0095,AA0095,Product-95,foo,n,3:Mature,Freq 6/6,foo,1,9,,0,,,,,,,,,,,,,,,,
210_KDA,AA0096,AA0096,Product-96,foo,n,3:Mature,Freq 6/6,foo,4,0,,0,,,,,,,,,,,,,,,,
210_KDA,AA0097,AA0097,Product-97,foo,n,4:Decline,Freq 3/6,foo,1,0,,0,,,,,,,,,,,,,,,,
210_KDA,AA0098,AA0098,Product-98,foo,n,3:Mature,Freq 6/6,foo,1,160,,117,,,,,,,,,,,,,,,,
210_KDA,AA0099,AA0099,Product-99,foo,n,4:Decline,Freq 5/6,foo,1,11,,1,,,,,,,,,,,,,,,,
210_KDA,AA0100,AA0100,Product-100,foo,n,4:Decline,Freq 5/6,foo,1,0,,0,,,,,,,,,,,,,,,,
210_KDA,AA0101,AA0101,Product-101,foo,n,4:Decline,Freq 4/6,foo,1,6,,-1,,,,,,,,,,,,,,,,
210_KDA,AA0102,AA0102,Product-102,foo,n,3:Mature,Freq 6/6,foo,1,9,,8,,,,,,,,,,,,,,,,
210_KDA,AA0103,AA0103,Product-103,foo,n,4:Decline,Freq 4/6,foo,1,4,,0,,,,,,,,,,,,,,,,
210_KDA,AA0104,AA0104,Product-104,foo,n,3:Mature,Freq 6/6,foo,4,40,,28,,,,,,,,,,,,,,,,
210_KDA,AA0105,AA0105,Product-105,foo,n,3:Mature,Freq 6/6,foo,4,12,,58,,,,,,,,,,,,,,,,
210_KDA,AA0106,AA0106,Product-106,foo,n,4:Decline,Freq 6/6,foo,4,8,,9,,,,,,,,,,,,,,,,
210_KDA,AA0107,AA0107,Product-107,foo,n,4:Decline,Freq 6/6,foo,4,20,,8,,,,,,,,,,,,,,,,
210_KDA,AA0108,AA0108,Product-108,foo,n,4:Decline,Freq 6/6,foo,1,13,,-1,,,,,,,,,,,,,,,,
210_KDA,AA0109,AA0109,Product-109,foo,n,4:Decline,Freq 6/6,foo,1,8,,1,,,,,,,,,,,,,,,,
210_KDA,AA0110,AA0110,Product-110,foo,n,4:Decline,Freq 2/6,foo,1,0,,0,,,,,,,,,,,,,,,,
210_KDA,AA0111,AA0111,Product-111,foo,n,4:Decline,Freq 4/6,foo,1,7,,0,,,,,,,,,,,,,,,,
210_KDA,AA0112,AA0112,Product-112,foo,y,2:Upturn,Freq 6/6,foo,20,320,,12,,,,,,,,,,,,,,,,
210_KDA,AA0113,AA0113,Product-113,foo,n,4:Decline,Freq 6/6,foo,6,0,,0,,,,,,,,,,,,,,,,
210_KDA,AA0114,AA0114,Product-114,foo,n,4:Decline,Freq 6/6,foo,6,0,,0,,,,,,,,,,,,,,,,
210_KDA,AA0115,AA0115,Product-115,foo,y,2:Upturn,Freq 6/6,foo,6,120,,8,,,,,,,,,,,,,,,,
210_KDA,AA0116,AA0116,Product-116,foo,n,4:Decline,Freq 1/6,foo,6,0,,0,,,,,,,,,,,,,,,,
210_KDA,AA0117,AA0117,Product-117,foo,n,4:Decline,Freq 6/6,foo,1,0,,0,,,,,,,,,,,,,,,,
210_KDA,AA0118,AA0118,Product-118,foo,n,4:Decline,Freq 0/6,foo,1,0,,0,,,,,,,,,,,,,,,,
210_KDA,AA0119,AA0119,Product-119,foo,n,4:Decline,Freq 6/6,foo,6,24,,3,,,,,,,,,,,,,,,,
210_KDA,AA0120,AA0120,Product-120,foo,n,4:Decline,Freq 6/6,foo,6,270,,242,,,,,,,,,,,,,,,,
210_KDA,AA0121,AA0121,Product-121,foo,n,4:Decline,Freq 0/6,foo,1,0,,0,,,,,,,,,,,,,,,,
210_KDA,AA0122,AA0122,Product-122,foo,n,4:Decline,Freq 3/6,foo,1,7,,-2,,,,,,,,,,,,,,,,
210_KDA,AA0123,AA0123,Product-123,foo,n,3:Mature,Freq 6/6,foo,1,0,,0,,,,,,,,,,,,,,,,
210_KDA,AA0124,AA0124,Product-124,foo,n,4:Decline,Freq 3/6,foo,1,1,,1,,,,,,,,,,,,,,,,
210_KDA,AA0125,AA0125,Product-125,foo,n,4:Decline,Freq 3/6,foo,1,0,,0,,,,,,,,,,,,,,,,
210_KDA,AA0126,AA0126,Product-126,foo,n,3:Mature,Freq 6/6,foo,6,90,,-4,,,,,,,,,,,,,,,,
210_KDA,AA0127,AA0127,Product-127,foo,n,3:Mature,Freq 6/6,foo,6,0,,163,,,,,,,,,,,,,,,,
210_KDA,AA0128,AA0128,Product-128,foo,n,4:Decline,Freq 2/6,foo,1,0,,0,,,,,,,,,,,,,,,,
210_KDA,AA0129,AA0129,Product-129,foo,n,3:Mature,Freq 6/6,foo,6,132,,1,,,,,,,,,,,,,,,,
210_KDA,AA0130,AA0130,Product-130,foo,n,3:Mature,Freq 6/6,foo,6,108,,-2,,,,,,,,,,,,,,,,
210_KDA,AA0131,AA0131,Product-131,foo,n,4:Decline,Freq 4/6,foo,1,7,,-1,,,,,,,,,,,,,,,,
210_KDA,AA0132,AA0132,Product-132,foo,n,3:Mature,Freq 6/6,foo,1,9,,39,,,,,,,,,,,,,,,,
210_KDA,AA0133,AA0133,Product-133,foo,n,3:Mature,Freq 6/6,foo,12,0,,10,,,,,,,,,,,,,,,,
210_KDA,AA0134,AA0134,Product-134,foo,n,3:Mature,Freq 6/6,foo,1,0,,0,,,,,,,,,,,,,,,,
210_KDA,AA0135,AA0135,Product-135,foo,n,4:Decline,Freq 4/6,foo,18,0,,0,,,,,,,,,,,,,,,,
210_KDA,AA0136,AA0136,Product-136,foo,n,3:Mature,Freq 6/6,foo,18,0,,0,,,,,,,,,,,,,,,,
210_KDA,AA0137,AA0137,Product-137,foo,n,4:Decline,Freq 3/6,foo,1,0,,0,,,,,,,,,,,,,,,,
210_KDA,AA0138,AA0138,Product-138,foo,n,4:Decline,Freq 4/6,foo,4,0,,0,,,,,,,,,,,,,,,,
210_KDA,AA0139,AA0139,Product-139,foo,n,4:Decline,Freq 4/6,foo,4,0,,0,,,,,,,,,,,,,,,,
210_KDA,AA0140,AA0140,Product-140,foo,n,4:Decline,Freq 3/6,foo,4,0,,0,,,,,,,,,,,,,,,,
210_KDA,AA0141,AA0141,Product-141,foo,n,3:Mature,Freq 6/6,foo,4,12,,-1,,,,,,,,,,,,,,,,
210_KDA,AA0142,AA0142,Product-142,foo,n,3:Mature,Freq 6/6,foo,4,8,,-1,,,,,,,,,,,,,,,,
210_KDA,AA0143,AA0143,Product-143,foo,n,3:Mature,Freq 6/6,foo,1,20,,-1,,,,,,,,,,,,,,,,
210_KDA,AA0144,AA0144,Product-144,foo,n,3:Mature,Freq 6/6,foo,1,8,,0,,,,,,,,,,,,,,,,
210_KDA,AA0145,AA0145,Product-145,foo,n,4:Decline,Freq 2/6,foo,1,0,,0,,,,,,,,,,,,,,,,
210_KDA,AA0146,AA0146,Product-146,foo,n,4:Decline,Freq 6/6,foo,1,0,,0,,,,,,,,,,,,,,,,
210_KDA,AA0147,AA0147,Product-147,foo,n,4:Decline,Freq 6/6,foo,1,70,,77,,,,,,,,,,,,,,,,
210_KDA,AA0148,AA0148,Product-148,foo,n,4:Decline,Freq 2/6,foo,4,0,,0,,,,,,,,,,,,,,,,
210_KDA,AA0149,AA0149,Product-149,foo,n,4:Decline,Freq 3/6,foo,1,0,,0,,,,,,,,,,,,,,,,
210_KDA,AA0150,AA0150,Product-150,foo,n,4:Decline,Freq 3/6,foo,1,3,,-2,,,,,,,,,,,,,,,,
210_KDA,AA0151,AA0151,Product-151,foo,n,4:Decline,Freq 0/6,foo,42,0,,0,,,,,,,,,,,,,,,,
210_KDA,AA0152,AA0152,Product-152,foo,n,4:Decline,Freq 3/6,foo,1,0,,1,,,,,,,,,,,,,,,,
210_KDA,AA0153,AA0153,Product-153,foo,n,4:Decline,Freq 6/6,foo,1,15,,22,,,,,,,,,,,,,,,,
210_KDA,AA0154,AA0154,Product-154,foo,n,4:Decline,Freq 6/6,foo,4,4,,31,,,,,,,,,,,,,,,,
210_KDA,AA0155,AA0155,Product-155,foo,n,4:Decline,Freq 6/6,foo,4,4,,-1,,,,,,,,,,,,,,,,
210_KDA,AA0156,AA0156,Product-156,foo,n,4:Decline,Freq 4/6,foo,1,7,,8,,,,,,,,,,,,,,,,
210_KDA,AA0157,AA0157,Product-157,foo,n,4:Decline,Freq 3/6,foo,1,0,,0,,,,,,,,,,,,,,,,
210_KDA,AA0158,AA0158,Product-158,foo,n,4:Decline,Freq 6/6,foo,4,60,,7,,,,,,,,,,,,,,,,
210_KDA,AA0159,AA0159,Product-159,foo,n,4:Decline,Freq 6/6,foo,1,0,,0,,,,,,,,,,,,,,,,
210_KDA,AA0160,AA0160,Product-160,foo,n,4:Decline,Freq 3/6,foo,1,0,,0,,,,,,,,,,,,,,,,
210_KDA,AA0161,AA0161,Product-161,foo,n,4:Decline,Freq 3/6,foo,1,2,,0,,,,,,,,,,,,,,,,
210_KDA,AA0162,AA0162,Product-162,foo,n,4:Decline,Freq 4/6,foo,1,0,,1,,,,,,,,,,,,,,,,
210_KDA,AA0163,AA0163,Product-163,foo,y,2:Upturn,Freq 6/6,foo,4,448,,14,,,,,,,,,,,,,,,,
210_KDA,AA0164,AA0164,Product-164,foo,y,1:New Product,Freq 6/6,foo,1,"1,440",,673,,,,,,,,,,,,,,,,
210_KDA,AA0165,AA0165,Product-165,foo,y,1:New Product,Freq 6/6,foo,1,309,,233,,,,,,,,,,,,,,,,
210_KDA,AA0166,AA0166,Product-166,foo,y,2:Upturn,Freq 6/6,foo,4,0,,0,,,,,,,,,,,,,,,,
210_KDA,AA0167,AA0167,Product-167,foo,y,2:Upturn,Freq 6/6,foo,4,176,,1,,,,,,,,,,,,,,,,
210_KDA,AA0168,AA0168,Product-168,foo,y,2:Upturn,Freq 6/6,foo,9,270,,180,,,,,,,,,,,,,,,,
210_KDA,AA0169,AA0169,Product-169,foo,n,3:Mature,Freq 6/6,foo,1,67,,146,,,,,,,,,,,,,,,,
210_KDA,AA0170,AA0170,Product-170,foo,y,2:Upturn,Freq 6/6,foo,4,244,,85,,,,,,,,,,,,,,,,
210_KDA,AA0171,AA0171,Product-171,foo,y,2:Upturn,Freq 6/6,foo,4,160,,205,,,,,,,,,,,,,,,,
210_KDA,AA0172,AA0172,Product-172,foo,y,2:Upturn,Freq 6/6,foo,9,81,,-3,,,,,,,,,,,,,,,,
210_KDA,AA0173,AA0173,Product-173,foo,y,2:Upturn,Freq 6/6,foo,1,170,,175,,,,,,,,,,,,,,,,
210_KDA,AA0174,AA0174,Product-174,foo,y,2:Upturn,Freq 6/6,foo,1,0,,205,,,,,,,,,,,,,,,,
210_KDA,AA0175,AA0175,Product-175,foo,n,4:Decline,Freq 6/6,foo,4,0,,3,,,,,,,,,,,,,,,,
210_KDA,AA0176,AA0176,Product-176,foo,n,4:Decline,Freq 5/6,foo,4,0,,0,,,,,,,,,,,,,,,,
210_KDA,AA0177,AA0177,Product-177,foo,n,4:Decline,Freq 6/6,foo,4,56,,98,,,,,,,,,,,,,,,,
210_KDA,AA0178,AA0178,Product-178,foo,n,4:Decline,Freq 6/6,foo,4,20,,161,,,,,,,,,,,,,,,,
210_KDA,AA0179,AA0179,Product-179,foo,n,4:Decline,Freq 5/6,foo,4,0,,0,,,,,,,,,,,,,,,,
210_KDA,AA0180,AA0180,Product-180,foo,n,3:Mature,Freq 6/6,foo,4,20,,-3,,,,,,,,,,,,,,,,
210_KDA,AA0181,AA0181,Product-181,foo,n,4:Decline,Freq 6/6,foo,4,4,,-2,,,,,,,,,,,,,,,,
210_KDA,AA0182,AA0182,Product-182,foo,n,4:Decline,Freq 3/6,foo,4,0,,0,,,,,,,,,,,,,,,,
210_KDA,AA0183,AA0183,Product-183,foo,n,4:Decline,Freq 6/6,foo,4,8,,7,,,,,,,,,,,,,,,,
210_KDA,AA0184,AA0184,Product-184,foo,n,4:Decline,Freq 5/6,foo,4,0,,0,,,,,,,,,,,,,,,,
210_KDA,AA0185,AA0185,Product-185,foo,y,2:Upturn,Freq 6/6,foo,6,984,,415,,,,,,,,,,,,,,,,
210_KDA,AA0186,AA0186,Product-186,foo,y,2:Upturn,Freq 6/6,foo,1,436,,13,,,,,,,,,,,,,,,,
210_KDA,AA0187,AA0187,Product-187,foo,y,2:Upturn,Freq 6/6,foo,6,696,,13,,,,,,,,,,,,,,,,
210_KDA,AA0188,AA0188,Product-188,foo,n,4:Decline,Freq 6/6,foo,6,0,,0,,,,,,,,,,,,,,,,
210_KDA,AA0189,AA0189,Product-189,foo,n,4:Decline,Freq 5/6,foo,6,0,,0,,,,,,,,,,,,,,,,
210_KDA,AA0190,AA0190,Product-190,foo,n,4:Decline,Freq 3/6,foo,6,0,,0,,,,,,,,,,,,,,,,
210_KDA,AA0191,AA0191,Product-191,foo,n,4:Decline,Freq 4/6,foo,6,0,,0,,,,,,,,,,,,,,,,
210_KDA,AA0192,AA0192,Product-192,foo,y,2:Upturn,Freq 4/6,foo,4,0,,0,,,,,,,,,,,,,,,,
210_KDA,AA0193,AA0193,Product-193,foo,y,2:Upturn,Freq 6/6,foo,6,228,,10,,,,,,,,,,,,,,,,
210_KDA,AA0194,AA0194,Product-194,foo,n,4:Decline,Freq 6/6,foo,6,150,,102,,,,,,,,,,,,,,,,
210_KDA,AA0195,AA0195,Product-195,foo,n,4:Decline,Freq 6/6,foo,1,0,,174,,,,,,,,,,,,,,,,
210_KDA,AA0196,AA0196,Product-196,foo,y,2:Upturn,Freq 6/6,foo,4,0,,681,,,,,,,,,,,,,,,,
210_KDA,AA0197,AA0197,Product-197,foo,n,4:Decline,Freq 6/6,foo,4,24,,44,,,,,,,,,,,,,,,,
210_KDA,AA0198,AA0198,Product-198,foo,n,4:Decline,Freq 6/6,foo,6,72,,28,,,,,,,,,,,,,,,,
210_KDA,AA0199,AA0199,Product-199,foo,y,2:Upturn,Freq 6/6,foo,6,132,,1,,,,,,,,,,,,,,,,
210_KDA,AA0200,AA0200,Product-200,foo,y,2:Upturn,Freq 6/6,foo,6,0,,0,,,,,,,,,,,,,,,,
210_KDA,AA0201,AA0201,Product-201,foo,y,2:Upturn,Freq 6/6,foo,6,900,,"1,695",,,,,,,,,,,,,,,,
210_KDA,AA0202,AA0202,Product-202,foo,y,2:Upturn,Freq 6/6,foo,6,"1,002",,22,,,,,,,,,,,,,,,,
210_KDA,AA0203,AA0203,Product-203,foo,y,2:Upturn,Freq 6/6,foo,6,18,,717,,,,,,,,,,,,,,,,
210_KDA,AA0204,AA0204,Product-204,foo,y,1:New Product,Freq 6/6,foo,6,96,,17,,,,,,,,,,,,,,,,
210_KDA,AA0205,AA0205,Product-205,foo,y,1:New Product,Freq 6/6,foo,6,210,,5,,,,,,,,,,,,,,,,
210_KDA,AA0206,AA0206,Product-206,foo,y,1:New Product,Freq 6/6,foo,6,"1,626",,61,,,,,,,,,,,,,,,,
210_KDA,AA0207,AA0207,Product-207,foo,y,1:New Product,Freq 6/6,foo,6,0,,0,,,,,,,,,,,,,,,,
210_KDA,AA0208,AA0208,Product-208,foo,y,1:New Product,Freq 6/6,foo,4,456,,11,,,,,,,,,,,,,,,,
210_KDA,AA0209,AA0209,Product-209,foo,y,1:New Product,Freq 6/6,foo,4,68,,11,,,,,,,,,,,,,,,,
210_KDA,AA0210,AA0210,Product-210,foo,y,1:New Product,Freq 6/6,foo,4,4,,11,,,,,,,,,,,,,,,,
210_KDA,AA0211,AA0211,Product-211,foo,y,1:New Product,Freq 6/6,foo,4,8,,-1,,,,,,,,,,,,,,,,
210_KDA,AA0212,AA0212,Product-212,foo,y,2:Upturn,Freq 6/6,foo,4,12,,-3,,,,,,,,,,,,,,,,
210_KDA,AA0213,AA0213,Product-213,foo,y,2:Upturn,Freq 6/6,foo,4,8,,-1,,,,,,,,,,,,,,,,
210_KDA,AA0214,AA0214,Product-214,foo,y,2:Upturn,Freq 6/6,foo,4,0,,3,,,,,,,,,,,,,,,,
210_KDA,AA0215,AA0215,Product-215,foo,y,2:Upturn,Freq 6/6,foo,4,16,,11,,,,,,,,,,,,,,,,
210_KDA,AA0216,AA0216,Product-216,foo,y,2:Upturn,Freq 5/6,foo,4,0,,0,,,,,,,,,,,,,,,,
210_KDA,AA0217,AA0217,Product-217,foo,y,2:Upturn,Freq 6/6,foo,4,0,,0,,,,,,,,,,,,,,,,
210_KDA,AA0218,AA0218,Product-218,foo,y,2:Upturn,Freq 5/6,foo,4,0,,0,,,,,,,,,,,,,,,,
210_KDA,AA0219,AA0219,Product-219,foo,y,2:Upturn,Freq 6/6,foo,1,0,,2,,,,,,,,,,,,,,,,
210_KDA,AA0220,AA0220,Product-220,foo,y,2:Upturn,Freq 6/6,foo,1,22,,25,,,,,,,,,,,,,,,,
210_KDA,AA0221,AA0221,Product-221,foo,y,1:New Product,Freq 6/6,foo,1,32,,92,,,,,,,,,,,,,,,,
210_KDA,AA0222,AA0222,Product-222,foo,y,1:New Product,Freq 6/6,foo,4,0,,0,,,,,,,,,,,,,,,,
210_KDA,AA0223,AA0223,Product-223,foo,y,1:New Product,Freq 5/6,foo,4,0,,0,,,,,,,,,,,,,,,,
210_KDA,AA0224,AA0224,Product-224,foo,y,1:New Product,Freq 5/6,foo,4,0,,0,,,,,,,,,,,,,,,,
210_KDA,AA0225,AA0225,Product-225,foo,y,2:Upturn,Freq 6/6,foo,4,0,,0,,,,,,,,,,,,,,,,
210_KDA,AA0226,AA0226,Product-226,foo,y,2:Upturn,Freq 6/6,foo,1,0,,0,,,,,,,,,,,,,,,,
210_KDA,AA0227,AA0227,Product-227,foo,y,2:Upturn,Freq 6/6,foo,1,187,,139,,,,,,,,,,,,,,,,
210_KDA,AA0228,AA0228,Product-228,foo,n,4:Decline,Freq 6/6,foo,1,0,,0,,,,,,,,,,,,,,,,
210_KDA,AA0229,AA0229,Product-229,foo,n,4:Decline,Freq 6/6,foo,48,0,,0,,,,,,,,,,,,,,,,
210_KDA,AA0230,AA0230,Product-230,foo,n,4:Decline,Freq 5/6,foo,1,4,,-1,,,,,,,,,,,,,,,,
210_KDA,AA0231,AA0231,Product-231,foo,n,4:Decline,Freq 5/6,foo,1,3,,1,,,,,,,,,,,,,,,,
210_KDA,AA0232,AA0232,Product-232,foo,n,4:Decline,Freq 1/6,foo,1,0,,0,,,,,,,,,,,,,,,,
210_KDA,AA0233,AA0233,Product-233,foo,n,4:Decline,Freq 5/6,foo,1,0,,0,,,,,,,,,,,,,,,,
210_KDA,AA0234,AA0234,Product-234,foo,n,4:Decline,Freq 3/6,foo,1,0,,0,,,,,,,,,,,,,,,,
210_KDA,AA0235,AA0235,Product-235,foo,n,4:Decline,Freq 3/6,foo,1,0,,0,,,,,,,,,,,,,,,,
210_KDA,AA0236,AA0236,Product-236,foo,n,4:Decline,Freq 5/6,foo,1,2,,-2,,,,,,,,,,,,,,,,
210_KDA,AA0237,AA0237,Product-237,foo,n,4:Decline,Freq 3/6,foo,1,2,,-2,,,,,,,,,,,,,,,,
210_KDA,AA0238,AA0238,Product-238,foo,n,4:Decline,Freq 6/6,foo,50,1,,35,,,,,,,,,,,,,,,,
210_KDA,AA0239,AA0239,Product-239,foo,n,2:Upturn,Freq 6/6,foo,1,0,,0,,,,,,,,,,,,,,,,
210_KDA,AA0240,AA0240,Product-240,foo,n,4:Decline,Freq 6/6,foo,1,0,,0,,,,,,,,,,,,,,,,
210_KDA,AA0241,AA0241,Product-241,foo,n,4:Decline,Freq 6/6,foo,42,0,,0,,,,,,,,,,,,,,,,
210_KDA,AA0242,AA0242,Product-242,foo,n,4:Decline,Freq 6/6,foo,1,0,,0,,,,,,,,,,,,,,,,
210_KDA,AA0243,AA0243,Product-243,foo,n,4:Decline,Freq 6/6,foo,1,39,,-1,,,,,,,,,,,,,,,,
210_KDA,AA0244,AA0244,Product-244,foo,n,4:Decline,Freq 4/6,foo,1,0,,0,,,,,,,,,,,,,,,,
210_KDA,AA0245,AA0245,Product-245,foo,n,4:Decline,Freq 5/6,foo,1,0,,0,,,,,,,,,,,,,,,,
,,,,,,,,,,,,,,,,,,,,,,,,,,,,
,,,,,,,,,,,,,,,,,,,,,,,,,,,,
